Brand,Model,Cnt
ABARTH,595,6430
ALFA ROMEO,ALFA GIULIETTA,84733
ALFA ROMEO,ALFA MITO,17265
ALFA ROMEO,GIULIA,59190
ALFA ROMEO,GIULIETTA,15413
ALFA ROMEO,MITO,6972
ALFA ROMEO,STELVIO,116902
ALPINE,A110,12316
AUDI,A1,55762
AUDI,A1 CITYCARVER,6181
AUDI,A1 S LINE,43057
AUDI,A1 SPORT 30,14754
AUDI,A1 SPORT NAV,16458
AUDI,A1 SPORTBACK,228936
AUDI,A3,52002
AUDI,A3 40 E-TRON,7675
AUDI,A3 CABRIOLET,27020
AUDI,A3 LIMOUSINE,83999
AUDI,A3 S LINE,62228
AUDI,A3 SE TECHNIK,12189
AUDI,A3 SPORT 30,5420
AUDI,A3 SPORT 35,8001
AUDI,A3 SPORT TFSI,7252
AUDI,A3 SPORTBACK,332505
AUDI,A3 SPORTBACK E-TRON,6242
AUDI,A3 SPORTBACK G-TRON,9880
AUDI,A4,26230
AUDI,A4 ALLROAD QUATTRO,32489
AUDI,A4 AVANT,337376
AUDI,A4 AVANT G-TRON,5447
AUDI,A4 LIMOUSINE,69510
AUDI,A4 S LINE,41158
AUDI,A5,10098
AUDI,A5 CABRIOLET,21532
AUDI,A5 COUPE,14109
AUDI,A5 S LINE,37683
AUDI,A5 SPORTBACK,118033
AUDI,A6,8499
AUDI,A6 ALLROAD QUATTRO,25843
AUDI,A6 AVANT,198613
AUDI,A6 LIMOUSINE,73637
AUDI,A6 S LINE,30245
AUDI,A6 SPORT 40,5957
AUDI,A7 S LINE,6461
AUDI,A7 SPORTBACK,27667
AUDI,A8,14614
AUDI,E-TRON,31046
AUDI,E-TRON 50,15147
AUDI,E-TRON 55,8575
AUDI,Q2,323562
AUDI,Q2 S LINE,36311
AUDI,Q2 SPORT 30,17488
AUDI,Q2 SPORT 35,6913
AUDI,Q2 SPORT TFSI,9504
AUDI,Q3,297612
AUDI,Q3 S LINE,49303
AUDI,Q3 SPORT 35,10042
AUDI,Q3 SPORTBACK,35829
AUDI,Q5,237331
AUDI,Q5 50 TFSI,6573
AUDI,Q5 55 TFSI,7232
AUDI,Q5 S LINE,43233
AUDI,Q5 S LN,5509
AUDI,Q7,54246
AUDI,Q7 S LINE,17838
AUDI,Q8,41894
AUDI,Q8 S LINE,5128
AUDI,RS 3 SPORTBACK,13428
AUDI,RS3 LIMOUSINE,5485
AUDI,RS3 SPORTBACK,5861
AUDI,RS4 AVANT,7368
AUDI,S3 BLACK ED,9176
AUDI,S3 SPORTBACK,12243
AUDI,S4 AVANT,5676
AUDI,S5 SPORTBACK,5330
AUDI,S5 TFSI QUATTRO,5172
AUDI,S6 AVANT,11220
AUDI,SQ5,21827
AUDI,SQ7,17463
AUDI,SQ8,6328
AUDI,TT COUPE,15004
AUDI,TT ROADSTER,8964
AUDI,TT S LINE,12348
BMW,116D,85872
BMW,116D EFFICIENT DYNAMICS,8368
BMW,116D M SPORT,5848
BMW,116D SE BUSINESS,5066
BMW,116I,30076
BMW,118D,63512
BMW,118D M SPORT,6576
BMW,118I,179356
BMW,118I M SPORT,32618
BMW,118I SPORT,12591
BMW,118I SPORT AUTO,5888
BMW,120D,11426
BMW,120D XDRIVE,10872
BMW,120I,25963
BMW,216D,9245
BMW,216D ACTIVE TOURER,18645
BMW,216D GRAN TOURER,11594
BMW,218D,20546
BMW,218D ACTIVE TOURER,14982
BMW,218D GRAN TOURER,15167
BMW,218D M SPORT,5106
BMW,218I,38268
BMW,218I ACTIVE TOURER,29177
BMW,218I GRAN TOURER,12642
BMW,218I M SPORT,13829
BMW,220D,8529
BMW,220I,18951
BMW,220I ACTIVE TOURER,9578
BMW,220I GRAN TOURER,5857
BMW,225XE IPERFORMANCE,42920
BMW,316D,11483
BMW,318D,80106
BMW,318I,23329
BMW,320D,95280
BMW,320D EFFICIENT DYNAMICS,7326
BMW,320D M SPORT,19587
BMW,320D XDRIVE,62953
BMW,320I,50185
BMW,320I M SPORT,15855
BMW,320I XDRIVE,14086
BMW,330D,7621
BMW,330D XDRIVE,10287
BMW,330E,27028
BMW,330E IPERFORMANCE,6778
BMW,330E M SPORT,17896
BMW,330I,24784
BMW,330I XDRIVE,9198
BMW,418D,9812
BMW,420D,31538
BMW,420D GRAN COUPE,7562
BMW,420D M SPORT,6618
BMW,420D XDRIVE,7580
BMW,420I,24838
BMW,420I GRAN COUPE,8273
BMW,420I M SPORT,6381
BMW,430I,10122
BMW,430I XDRIVE,5741
BMW,440I,7089
BMW,440I XDRIVE,6989
BMW,518D,6205
BMW,520D,100469
BMW,520D M SPORT,21395
BMW,520D XDRIVE,49309
BMW,520I,19274
BMW,520I M SPORT,5800
BMW,525D,5254
BMW,530D,21107
BMW,530D XDRIVE,40164
BMW,530E IPERFORMANCE,35856
BMW,530E M SPORT,14510
BMW,530E XDRIVE IPERFORMANCE,5156
BMW,530I,12755
BMW,530I XDRIVE,13712
BMW,540D XDRIVE,14106
BMW,540I XDRIVE,17899
BMW,630D XDRIVE,6139
BMW,730D XDRIVE,6532
BMW,740D XDRIVE,5131
BMW,840D XDRIVE,5931
BMW,I3,70768
BMW,I3S,32907
BMW,I8,5160
BMW,M140I,5326
BMW,M140I SHADOW EDITION,11399
BMW,M2,10497
BMW,M2 COMPETITION,17137
BMW,M4,12697
BMW,M4 COMPETITION PACKAGE,6765
BMW,M5,5166
BMW,M550D XDRIVE,7379
BMW,M850I XDRIVE,6962
BMW,SERIE 1,62318
BMW,SERIE 2,48439
BMW,SERIE 3,25516
BMW,SERIE 4,16569
BMW,SERIE 5,17538
BMW,SERIE I,13909
BMW,SERIE X,153503
BMW,X1,24450
BMW,X1 SDRIVE 18D,19732
BMW,X1 SDRIVE 18I,30948
BMW,X1 SDRIVE 20I,19099
BMW,X1 SDRIVE16D,34716
BMW,X1 SDRIVE18D,80369
BMW,X1 SDRIVE18I,58931
BMW,X1 SDRIVE20I,26819
BMW,X1 SDRIVE20I XLINE,5545
BMW,X1 XDRIVE 18D,12454
BMW,X1 XDRIVE 20D,20223
BMW,X1 XDRIVE 20I,15426
BMW,X1 XDRIVE18D,29474
BMW,X1 XDRIVE20D,24517
BMW,X1 XDRIVE20D SPORT,5630
BMW,X1 XDRIVE20I,12331
BMW,X1 XDRIVE20I XLINE,5374
BMW,X1 XDRIVE25E,6326
BMW,X2,11167
BMW,X2 SDRIVE 18I,9762
BMW,X2 SDRIVE 20I,8588
BMW,X2 SDRIVE16D,7424
BMW,X2 SDRIVE18D,28437
BMW,X2 SDRIVE18I,21322
BMW,X2 SDRIVE20I,12424
BMW,X2 XDRIVE 20D,9548
BMW,X2 XDRIVE20D,16139
BMW,X2 XDRIVE20D M,5993
BMW,X3,11495
BMW,X3 M40D,8651
BMW,X3 M40I,13396
BMW,X3 SDRIVE18D,12471
BMW,X3 XDRIVE 20D,38332
BMW,X3 XDRIVE 20I,10108
BMW,X3 XDRIVE 30D,21115
BMW,X3 XDRIVE 30I,7802
BMW,X3 XDRIVE20D,84882
BMW,X3 XDRIVE20D G01,6242
BMW,X3 XDRIVE20D M,18687
BMW,X3 XDRIVE20I,21504
BMW,X3 XDRIVE30D,16065
BMW,X3 XDRIVE30D M,5706
BMW,X3 XDRIVE30E,5331
BMW,X3 XDRIVE30I,7406
BMW,X4,6259
BMW,X4 M40D,6966
BMW,X4 M40I,5674
BMW,X4 XDRIVE 20D,5745
BMW,X4 XDRIVE20D,31305
BMW,X4 XDRIVE20D M,5412
BMW,X4 XDRIVE20I,6361
BMW,X5 M50D,19210
BMW,X5 XDRIVE 30D,21761
BMW,X5 XDRIVE25D,9568
BMW,X5 XDRIVE30D,44578
BMW,X5 XDRIVE30D M,15936
BMW,X5 XDRIVE40I,7433
BMW,X5 XDRIVE45E,11957
BMW,X6 M50D,5006
BMW,X6 XDRIVE30D,10023
BMW,Z4 M40I,8554
BMW,Z4 SDRIVE20I,5928
CHEVROLET,CAMARO,6729
CHRYSLER,COMPASS,77654
CHRYSLER,RENEGADE,83783
CITROEN,BERLINGO,231250
CITROEN,C-ELYS,10832
CITROEN,C-ELYSEE,31240
CITROEN,C-ELYSSEE,154650
CITROEN,C-ZERO,7352
CITROEN,C1,264709
CITROEN,C1 FEEL,7932
CITROEN,C1 FLAIR,6979
CITROEN,C3,1154934
CITROEN,C3 AIRCROSS,442397
CITROEN,C3 AIRCROSS FEEL,12964
CITROEN,C3 AIRCROSS FLAIR,30092
CITROEN,C3 FEEL PURETECH,16574
CITROEN,C3 FLAIR NAV,5736
CITROEN,C3 FLAIR PURETECH,31135
CITROEN,C3 PICASSO,21224
CITROEN,C4,109390
CITROEN,C4 AIRCROSS,6302
CITROEN,C4 CACTUS,245215
CITROEN,C4 CACTUS FEEL,5194
CITROEN,C4 CACTUS FLAIR,15435
CITROEN,C4 GR PICASSO,6718
CITROEN,C4 GR STOURER,13556
CITROEN,C4 PICASSO,178956
CITROEN,C4 SPACETOURER,129358
CITROEN,C5,7670
CITROEN,C5 AIRCROSS,184010
CITROEN,C5 AIRCROSS FLAIR,18522
CITROEN,DS 3,5530
CITROEN,DS 7 CROSSBACK,9776
CITROEN,GRAND,7981
CITROEN,JUMPY SPACE TOURER,29503
CITROEN,JUMPY SPACETOURER,23629
CITROEN,NUEVO,80699
CITROEN,NUEVO BERLINGO TALLA,6864
CITROEN,SUV,18030
DACIA,DOKKER,221110
DACIA,DUSTER,1047132
DACIA,DUSTER COMFORT SCE,7514
DACIA,DUSTER COMFORT TCE,10145
DACIA,DUSTER PRESTIGE SCE,5697
DACIA,DUSTER PRESTIGE TCE,5747
DACIA,LODGY,163003
DACIA,LOGAN,324966
DACIA,SANDERO,1167801
DACIA,SANDERO ESSENTIAL SCE,7341
DACIA,SANDERO STEPWAY COMFORT,10879
DACIA,SANDERO STEPWAY ESSENTIAL,8986
DS,3,60555
DS,3 CROSSBACK,33821
DS,4,22100
DS,5,10610
DS,7 CROSSBACK,99186
DS,DS3 CROSSBACK,8408
FIAT,124 SPIDER,15648
FIAT,500,742648
FIAT,500 ABARTH,24887
FIAT,500 LOUNGE,51824
FIAT,500 LOUNGE S-A,6523
FIAT,500 POP,5899
FIAT,500 S,7595
FIAT,500C,21131
FIAT,500L,216149
FIAT,500X,448974
FIAT,500X CITY CROSS,5503
FIAT,ABARTH 124 SPIDER,5114
FIAT,ABARTH 500,44655
FIAT,DOBLO,20381
FIAT,DOBLO',14140
FIAT,DUCATO,10120
FIAT,PANDA,902703
FIAT,PUNTO,77159
FIAT,QUBO,41314
FIAT,TALENTO,30460
FIAT,TIPO,479283
FORD,B-MAX,31500
FORD,C-MAX,120575
FORD,C-MAX TITANIUM TURBO,5696
FORD,ECOSPORT,410739
FORD,ECOSPORT ST-LINE,38506
FORD,ECOSPORT ST-LINE AUTO,9616
FORD,ECOSPORT TITANIUM,30204
FORD,ECOSPORT TITANIUM AUTO,14415
FORD,ECOSPORT ZETEC,9028
FORD,EDGE,36026
FORD,FIESTA,826780
FORD,FIESTA ACTIVE 1,15328
FORD,FIESTA ACTIVE X,13055
FORD,FIESTA ST-2 TURBO,8088
FORD,FIESTA ST-3 TURBO,11031
FORD,FIESTA ST-LINE EDITION,10705
FORD,FIESTA ST-LINE TURBO,66343
FORD,FIESTA ST-LINE X,19326
FORD,FIESTA TITANIUM TURBO,70485
FORD,FIESTA TITANIUM X,11179
FORD,FIESTA TREND,15940
FORD,FIESTA TREND TURBO,6366
FORD,FIESTA VIGNALE TURBO,12893
FORD,FIESTA ZETEC,57325
FORD,FIESTA ZETEC TURBO,62662
FORD,FOCUS,811508
FORD,FOCUS ACTIVE,5856
FORD,FOCUS ACTIVE X,10827
FORD,FOCUS RS,5911
FORD,FOCUS ST,5175
FORD,FOCUS ST-LINE,41445
FORD,FOCUS ST-LINE TDCI,9877
FORD,FOCUS ST-LINE X,40864
FORD,FOCUS TITANIUM,37312
FORD,FOCUS TITANIUM AUTO,7796
FORD,FOCUS TITANIUM TDCI,11330
FORD,FOCUS TITANIUM X,15678
FORD,FOCUS ZETEC,13840
FORD,FOCUS ZETEC EDITION,16750
FORD,FOCUS ZETEC TDCI,10023
FORD,GALAXY,42710
FORD,GALAXY TITANIUM,7270
FORD,GRAND C-MAX,42883
FORD,GRAND C-MAX TITANIUM,5674
FORD,KA,90051
FORD,KA ACTIVE,8692
FORD,KA ZETEC,12236
FORD,KA+,88465
FORD,KA+ ZETEC,16630
FORD,KUGA,558348
FORD,KUGA ST-LINE,15678
FORD,KUGA ST-LINE EDITION,12045
FORD,KUGA ST-LINE TDCI,24252
FORD,KUGA ST-LINE X,15911
FORD,KUGA TITANIUM,11764
FORD,KUGA TITANIUM EDITION,20410
FORD,KUGA TITANIUM TDCI,24280
FORD,KUGA TITANIUM X,21147
FORD,KUGA VIGNALE TDCI,6542
FORD,KUGA ZETEC,5166
FORD,KUGA ZETEC TDCI,7992
FORD,MONDEO,165412
FORD,MONDEO HYBRID,25274
FORD,MUSTANG,40467
FORD,PUMA,88560
FORD,PUMA ST-LINE MHEV,5335
FORD,PUMA ST-LINE X,12603
FORD,S-MAX,102179
FORD,TOURNEO,22222
FORD,TOURNEO CONNECT,38361
FORD,TOURNEO CONNECT GR,5765
FORD,TOURNEO COURIER,60825
FORD,TOURNEO CUSTOM,68474
FORD,TOURNEO CUSTOM 310,8633
FORD,TOURNEO CUSTOM 320,6561
FORD,TRANSIT,33319
FORD,TRANSIT CONNECT,8741
FORD,TRANSIT COURIER,11495
FORD,TRANSIT CUSTOM,71727
HONDA,CIVIC,23824
HONDA,CIVIC 4DR,19696
HONDA,CIVIC 5DR,75400
HONDA,CIVIC EX VTEC,6993
HONDA,CIVIC SE VTEC,5117
HONDA,CIVIC SPORT VTEC,11451
HONDA,CIVIC SR I-DTEC,6474
HONDA,CIVIC SR VTEC,16508
HONDA,CR-V,100376
HONDA,CR-V EX I-VTEC,6932
HONDA,CR-V SE +,8088
HONDA,CR-V SR I-VTEC,5462
HONDA,HR-V,91738
HONDA,HR-V EX I-VTEC,9817
HONDA,HR-V SE I-VTEC,9241
HONDA,JAZZ,76261
HONDA,JAZZ EX I-VTEC,11138
HONDA,JAZZ EX NAVI,15820
HONDA,JAZZ S I-VTEC,10323
HONDA,JAZZ SE I-VTEC,21914
HONDA,JAZZ SE NAVI,10319
HONDA,JAZZ SPORT NAVI,5934
HYUNDAI,ELANTRA,12138
HYUNDAI,I 10,40307
HYUNDAI,I 20,81453
HYUNDAI,I 30,224753
HYUNDAI,I 30 N,31742
HYUNDAI,I10,273606
HYUNDAI,I10 GO SE,16258
HYUNDAI,I10 PLAY,10390
HYUNDAI,I10 PREMIUM,7006
HYUNDAI,I10 PREMIUM SE,9732
HYUNDAI,I10 SE,26782
HYUNDAI,I10 SE AUTO,7619
HYUNDAI,I20,166641
HYUNDAI,I20 ACTIVE,14595
HYUNDAI,I20 BI-FUEL,7588
HYUNDAI,I20 I20 ACTIVE,99010
HYUNDAI,I20 PREMIUM NAV,5491
HYUNDAI,I20 SE MPI,15326
HYUNDAI,"I20, I20 ACTIVE",72086
HYUNDAI,I30,96630
HYUNDAI,I30 SE NAV,9973
HYUNDAI,I40,22260
HYUNDAI,IONIQ,111166
HYUNDAI,IONIQ PREMIUM HEV,11781
HYUNDAI,IONIQ PREMIUM SE,14795
HYUNDAI,IONIQ SE HEV,7340
HYUNDAI,IX 20,21052
HYUNDAI,IX20,60175
HYUNDAI,IX20 BI-FUEL,7148
HYUNDAI,KAUAI,9398
HYUNDAI,KONA,211631
HYUNDAI,KONA KAUAI,130812
HYUNDAI,KONA PREMIUM,9861
HYUNDAI,KONA PREMIUM SE,11893
HYUNDAI,KONA SE,8293
HYUNDAI,"KONA,",13618
HYUNDAI,"KONA, KAUAI",54954
HYUNDAI,SANTA FE,30207
HYUNDAI,TUCSON,283720
HYUNDAI,TUCSON GO SE,6964
HYUNDAI,TUCSON IX35,135886
HYUNDAI,TUCSON N LINE,6905
HYUNDAI,TUCSON PREMIUM SE,7724
HYUNDAI,TUCSON S CONNECT,5108
HYUNDAI,TUCSON SE NAV,71652
HYUNDAI,"TUCSON, IX35",5604
HYUNDAI,"TUCSON,IX35",89423
HYUNDAI,TUCSONIX35,72952
INFINITI,Q30,7551
JAGUAR,E-PACE,68021
JAGUAR,E-PACE CHEQUERED FLAG,6032
JAGUAR,E-PACE R-DYNAMIC HSE,6813
JAGUAR,E-PACE R-DYNAMIC S,10703
JAGUAR,E-PACE R-DYNAMIC SE,5070
JAGUAR,E-PACE S D,7897
JAGUAR,F-PACE,53344
JAGUAR,F-PACE CHEQUERED FLAG,7786
JAGUAR,F-PACE PORTFOLIO AWD,7573
JAGUAR,F-PACE R-SPORT AWD,20652
JAGUAR,F-TYPE,5997
JAGUAR,I-PACE,27798
JAGUAR,I-PACE EV400 HSE,7750
JAGUAR,I-PACE EV400 SE,6419
JAGUAR,XE,22765
JAGUAR,XE R-SPORT D,6188
JAGUAR,XF,16672
JAGUAR,XF R-SPORT D,7190
JEEP,CHEROKEE,16282
JEEP,COMPASS,236133
JEEP,GRAND CHEROKEE,23313
JEEP,RENEGADE,301626
JEEP,WRANGLER,10704
JEEP,WRANGLER JK UNLIMITED,5216
JEEP,WRANGLER UNLIMITED,16586
KIA,CARENS,36992
KIA,CARENS OR RONDO,6140
KIA,CEE D,7604
KIA,CEE'D,56200
KIA,CEED,269313
KIA,CEED 2 ISG,8446
KIA,CEED 3 CRDI,5425
KIA,CEED GT-LINE ISG,7939
KIA,CEEÂ´D,16212
KIA,NIRO,234765
KIA,NIRO 2 HEV,5452
KIA,NIRO 2 S-A,14428
KIA,NIRO 3 PHEV,6323
KIA,OPTIMA,55270
KIA,PICANTO,312892
KIA,PICANTO 1,13582
KIA,PICANTO 2,16953
KIA,PICANTO 2 AUTO,5188
KIA,PICANTO 3 AUTO,5964
KIA,PICANTO GT-LINE,7234
KIA,PICANTO GT-LINE S,6994
KIA,PICANTO X-LINE,5067
KIA,PROCEED,44709
KIA,RIO,207844
KIA,RIO 2 ISG,6172
KIA,SORENTO,37811
KIA,SOUL,35428
KIA,SPORTAGE,423916
KIA,SPORTAGE 1 ISG,8254
KIA,SPORTAGE 2 CRDI,17657
KIA,SPORTAGE 2 ISG,42870
KIA,SPORTAGE 3 ISG,5143
KIA,SPORTAGE 4 CRDI,7295
KIA,SPORTAGE 4 ISG,7938
KIA,SPORTAGE GT-LINE CRDI,17000
KIA,SPORTAGE GT-LINE ISG,16553
KIA,SPORTAGE GT-LINE S,10655
KIA,STINGER,12092
KIA,STONIC,255047
KIA,STONIC 2 ISG,11988
KIA,STONIC 3 ISG,6638
KIA,STONIC 4 ISG,7387
KIA,STONIC FIRST EDITION,5568
KIA,VENGA,56720
KIA,XCEED,51226
LADA,4X4,9148
LADA,VESTA,6545
LANCIA,YPSILON,284879
LAND ROVER,DISCO-Y SPORT BLACK,5160
LAND ROVER,DISCOVERY,19160
LAND ROVER,DISCOVERY HSE SDV6,5123
LAND ROVER,DISCOVERY LUXURY HSE,12932
LAND ROVER,DISCOVERY SPORT,65261
LAND ROVER,DISCOVERY SPORT HSE,22438
LAND ROVER,DISCOVERY SPORT LANDMARK,16826
LAND ROVER,DISCOVERY SPORT R-DYN,11110
LAND ROVER,DISCOVERY SPORT SE,17260
LAND ROVER,R ROVER EVOQUE,41500
LAND ROVER,R ROVER SPORT,21272
LAND ROVER,R ROVER VELAR,38461
LAND ROVER,RANGE ROVER,25942
LAND ROVER,RANGE ROVER A-BIO,9351
LAND ROVER,RANGE ROVER EVOQUE,176788
LAND ROVER,RANGE ROVER SPORT,86513
LAND ROVER,RANGE ROVER VELAR,70808
LAND ROVER,RANGE ROVER VOGUE,14955
LAND ROVER,RROVER SPORT A-BIO,11494
LEXUS,CT200H,26562
LEXUS,ES300H,8450
LEXUS,IS300H,14958
LEXUS,NX 300H CVT,6601
LEXUS,NX300H,68186
LEXUS,RX450H,20984
LEXUS,UX250H,37704
MASERATI,LEVANTE DIESEL,8819
MAZDA,2,26254
MAZDA,2 GT SPORT,11749
MAZDA,2 SE-L NAV,6145
MAZDA,2 SPORT NAV,7108
MAZDA,3,60217
MAZDA,3 GT SPORT,6212
MAZDA,3 SPORT NAV,8974
MAZDA,6,31591
MAZDA,6 SPORT NAV,8718
MAZDA,CX-3,230826
MAZDA,CX-3 SPORT NAV,18518
MAZDA,CX-30,64661
MAZDA,CX-5,259038
MAZDA,CX-5 SE-L NAV,7818
MAZDA,CX-5 SPORT NAV,33196
MAZDA,MAZDA2,90401
MAZDA,MAZDA3,92860
MAZDA,MAZDA6,48960
MAZDA,MX-30,8977
MAZDA,MX-5,46670
MAZDA,MX-5 RF SPORT,6776
MERCEDES,A 180 AMG,25334
MERCEDES,A 180 D,91985
MERCEDES,A 180 SE,10053
MERCEDES,A 180 SPORT,15951
MERCEDES,A 200 AMG,47055
MERCEDES,A 200 D,21133
MERCEDES,A 200 SPORT,10365
MERCEDES,A 250 AMG,12296
MERCEDES,AMG A 35,9700
MERCEDES,AMG C 43,7500
MERCEDES,AMG C 63,5239
MERCEDES,B 180 D,11194
MERCEDES,C 200 AMG,26391
MERCEDES,C 200 SE,5634
MERCEDES,C 200 SPORT,9900
MERCEDES,C 220 AMG,29797
MERCEDES,C 220 D,13192
MERCEDES,C 220 SPORT,8974
MERCEDES,C 300 AMG,18815
MERCEDES,CLA 180 AMG,13879
MERCEDES,CLA 200 AMG,12445
MERCEDES,CLA 200 D,6434
MERCEDES,CLA 220 AMG,8387
MERCEDES,E 220 AMG,5945
MERCEDES,E 220 D,71502
MERCEDES,E 300 AMG,10226
MERCEDES,GLA 180 AMG,7540
MERCEDES,GLA 180 URBAN,24440
MERCEDES,GLA 200 AMG,21273
MERCEDES,GLA 200 D,12416
MERCEDES,GLA 200 SE,5586
MERCEDES,GLA 200 SPORT,11351
MERCEDES,GLA 220 AMG,6699
MERCEDES,GLC 220 D,39586
MERCEDES,GLC 250 AMG,16230
MERCEDES,GLC 250 D,28032
MERCEDES,GLC 300 AMG,12547
MERCEDES,GLE 250 AMG,5836
MERCEDES,GLE 300 AMG,6358
MERCEDES,GLE 350 AMG,7443
MERCEDES,GLE 350 D,5310
MERCEDES,S 350 D,7006
MERCEDES,VITO 114 BLUETEC,5178
MERCEDES BENZ,A 160,20283
MERCEDES BENZ,A 160 D,7702
MERCEDES BENZ,A 180,106606
MERCEDES BENZ,A 180 D,159253
MERCEDES BENZ,A 200,106786
MERCEDES BENZ,A 200 D,32758
MERCEDES BENZ,A 220,18995
MERCEDES BENZ,A 220 4MATIC,8823
MERCEDES BENZ,A 220 D,6548
MERCEDES BENZ,A 250,19418
MERCEDES BENZ,A 250 4MATIC,5060
MERCEDES BENZ,A 250 E,18395
MERCEDES BENZ,AMG A 35,9873
MERCEDES BENZ,AMG C 43,15353
MERCEDES BENZ,AMG C 63,8383
MERCEDES BENZ,AMG E 53,8400
MERCEDES BENZ,AMG E 63,7235
MERCEDES BENZ,AMG G 63,12321
MERCEDES BENZ,AMG GLC 43,13216
MERCEDES BENZ,AMG GLC 63,8658
MERCEDES BENZ,B 180,77551
MERCEDES BENZ,B 180 D,50621
MERCEDES BENZ,B 200,47578
MERCEDES BENZ,B 200 D,34125
MERCEDES BENZ,B 220 4MATIC,11297
MERCEDES BENZ,B 220 D,8075
MERCEDES BENZ,C 160,6849
MERCEDES BENZ,C 180,81742
MERCEDES BENZ,C 180 D,21657
MERCEDES BENZ,C 200,54712
MERCEDES BENZ,C 200 4MATIC,20100
MERCEDES BENZ,C 200 D,61529
MERCEDES BENZ,C 220,5957
MERCEDES BENZ,C 220 D,148260
MERCEDES BENZ,C 250,6098
MERCEDES BENZ,C 250 D,7706
MERCEDES BENZ,C 300,23428
MERCEDES BENZ,C 300 D,12828
MERCEDES BENZ,C 300 DE,14208
MERCEDES BENZ,C 300 E,5463
MERCEDES BENZ,C 400 4MATIC,6976
MERCEDES BENZ,CITAN,26173
MERCEDES BENZ,CLA,14625
MERCEDES BENZ,CLA 180,53639
MERCEDES BENZ,CLA 180 D,32460
MERCEDES BENZ,CLA 200,39799
MERCEDES BENZ,CLA 200 D,43314
MERCEDES BENZ,CLA 220,7239
MERCEDES BENZ,CLA 220 4MATIC,8205
MERCEDES BENZ,CLA 220 D,16331
MERCEDES BENZ,CLA 250,6244
MERCEDES BENZ,CLA 250 4MATIC,5511
MERCEDES BENZ,CLA 250 E,5178
MERCEDES BENZ,CLASSE A,115619
MERCEDES BENZ,CLASSE B,47258
MERCEDES BENZ,CLASSE C,58041
MERCEDES BENZ,CLASSE CLA,37197
MERCEDES BENZ,CLASSE E,31745
MERCEDES BENZ,CLASSE GLA,59273
MERCEDES BENZ,CLASSE GLC,75350
MERCEDES BENZ,CLASSE GLE,14231
MERCEDES BENZ,CLASSE V,8548
MERCEDES BENZ,CLS 350 D,7353
MERCEDES BENZ,CLS 400 D,5970
MERCEDES BENZ,CLS 450 4MATIC,6609
MERCEDES BENZ,E 200,39654
MERCEDES BENZ,E 200 4MATIC,8338
MERCEDES BENZ,E 200 D,56528
MERCEDES BENZ,E 220 D,160302
MERCEDES BENZ,E 300,8841
MERCEDES BENZ,E 300 D,10057
MERCEDES BENZ,E 300 DE,31206
MERCEDES BENZ,E 350 D,14178
MERCEDES BENZ,E 400 4MATIC,5655
MERCEDES BENZ,E 400 D,21553
MERCEDES BENZ,E 450 4MATIC,6154
MERCEDES BENZ,EQC 400 4MATIC,11930
MERCEDES BENZ,G 350 D,5757
MERCEDES BENZ,G 500,9932
MERCEDES BENZ,GLA,20833
MERCEDES BENZ,GLA 180,50316
MERCEDES BENZ,GLA 180 D,12774
MERCEDES BENZ,GLA 200,41568
MERCEDES BENZ,GLA 200 D,40730
MERCEDES BENZ,GLA 220 4MATIC,7725
MERCEDES BENZ,GLA 220 D,11145
MERCEDES BENZ,GLA 250 4MATIC,8773
MERCEDES BENZ,GLB 200 D,7234
MERCEDES BENZ,GLC,26294
MERCEDES BENZ,GLC 200 4MATIC,17992
MERCEDES BENZ,GLC 200 D,14130
MERCEDES BENZ,GLC 220 D,125185
MERCEDES BENZ,GLC 250 4MATIC,58451
MERCEDES BENZ,GLC 250 D,51230
MERCEDES BENZ,GLC 250D 4MATIC,7982
MERCEDES BENZ,GLC 300 4MATIC,15005
MERCEDES BENZ,GLC 300 D,15855
MERCEDES BENZ,GLC 300 DE,5358
MERCEDES BENZ,GLC 300 E,10425
MERCEDES BENZ,GLC 350 D,11363
MERCEDES BENZ,GLC 350 E,12418
MERCEDES BENZ,GLE,5551
MERCEDES BENZ,GLE 250 D,6854
MERCEDES BENZ,GLE 300 D,13324
MERCEDES BENZ,GLE 350 D,50951
MERCEDES BENZ,GLE 350 DE,7341
MERCEDES BENZ,GLE 400 D,9549
MERCEDES BENZ,GLE 450 4MATIC,8388
MERCEDES BENZ,GLS 350 D,6952
MERCEDES BENZ,MARCO POLO,9899
MERCEDES BENZ,S 350 D,10630
MERCEDES BENZ,S 400 D,9295
MERCEDES BENZ,S 560 4MATIC,7103
MERCEDES BENZ,SLC 200,6087
MERCEDES BENZ,SPRINTER,15712
MERCEDES BENZ,V-KLASSE,116643
MERCEDES BENZ,VITO,8726
MERCEDES BENZ,VITO TOURER,72231
MG,3 EXCITE VTI-TECH,5049
MG,3 EXCLUSIVE VTI-TECH,5617
MG,ZS EV,9069
MG,ZS EXCITE,7147
MG,ZS EXCLUSIVE,11562
MG,ZS EXCLUSIVE EV,5823
MG,ZS EXCLUSIVE TURBO,7611
MINI,CLUBMAN COOPER,18586
MINI,CLUBMAN COOPER D,8427
MINI,CLUBMAN COOPER S,15970
MINI,CLUBMAN ONE,14180
MINI,CLUBMAN ONE D,8015
MINI,COOPER,225154
MINI,COOPER AUTO,12688
MINI,COOPER CLASSIC,20540
MINI,COOPER CLASSIC AUTO,8107
MINI,COOPER D,33844
MINI,COOPER S,87205
MINI,COOPER S AUTO,6516
MINI,COOPER S E,16125
MINI,COOPER S SPORT,10659
MINI,COOPER SD,6114
MINI,COOPER SE,9999
MINI,COOPER SPORT,8747
MINI,COUNTRYMAN,12945
MINI,COUNTRYMAN COOPER,27817
MINI,COUNTRYMAN COOPER CLASSIC,9435
MINI,COUNTRYMAN COOPER D,23857
MINI,COUNTRYMAN COOPER S,31685
MINI,COUNTRYMAN COOPER SD,8381
MINI,COUNTRYMAN COOPER SE,28769
MINI,COUNTRYMAN ONE,12117
MINI,COUNTRYMAN ONE D,10895
MINI,JOHN COOPER WORKS,28224
MINI,MINI,159724
MINI,ONE,121728
MINI,ONE D,20374
MITSUBISHI,ASX,134027
MITSUBISHI,ECLIPSE,12717
MITSUBISHI,ECLIPSE CROSS,79359
MITSUBISHI,ECLIPSE CROSS 3,8810
MITSUBISHI,ECLIPSE CROSS 4,7470
MITSUBISHI,OUTLANDER,153253
MITSUBISHI,OUTLANDER 4H PHEV,16598
MITSUBISHI,PAJERO/MONTERO,5496
MITSUBISHI,SPACE STAR,172777
NISSAN,E-NV200,7859
NISSAN,JUKE,224585
NISSAN,JUKE BOSE PERSONAL,30102
NISSAN,JUKE N-CONNECTA DIG-T,14252
NISSAN,JUKE TEKNA,8414
NISSAN,JUKE TEKNA CVT,16472
NISSAN,JUKE TEKNA DIG-T,12022
NISSAN,LEAF,6694
NISSAN,LEAF 30KWH,7656
NISSAN,LEAF 40 KWH,7161
NISSAN,LEAF 40KWH,90834
NISSAN,LEAF 62KWH,13492
NISSAN,LEAF N-CONNECTA,8318
NISSAN,LEAF TEKNA,10674
NISSAN,MICRA,332885
NISSAN,MICRA ACENTA IG-T,11538
NISSAN,MICRA ACENTA LIMITED,9437
NISSAN,MICRA TEKNA IG-T,5431
NISSAN,NOTE,5244
NISSAN,NV200,10270
NISSAN,NV300,7196
NISSAN,PULSAR,44591
NISSAN,QASHQAI,937016
NISSAN,QASHQAI ACENTA DIG-T,6564
NISSAN,QASHQAI ACENTA PREM,7082
NISSAN,QASHQAI ACENTA PREMIUM,44205
NISSAN,QASHQAI N-CONNECTA DCI,36906
NISSAN,QASHQAI N-CONNECTA DIG-T,59125
NISSAN,QASHQAI TEKNA +,8762
NISSAN,QASHQAI TEKNA DCI,24534
NISSAN,QASHQAI TEKNA DIG-T,39999
NISSAN,X-TRAIL,163501
NISSAN,X-TRAIL N-CONNECTA DCI,10715
NISSAN,X-TRAIL TEKNA DCI,13433
OPEL,ADAM,145551
OPEL,AMPERA-E,9953
OPEL,ASTRA,245539
OPEL,ASTRA NOTCHBACK,41081
OPEL,ASTRA SPORTS TOURER,185508
OPEL,ASTRA SPORTS TOURER+,108617
OPEL,ASTRA+,64781
OPEL,ASTRASPORTSTOURER,11444
OPEL,CASCADA,7108
OPEL,COMBO,13849
OPEL,COMBO LIFE,47605
OPEL,CORSA,331701
OPEL,CORSA-E,592273
OPEL,CROSSLAND,45390
OPEL,CROSSLAND X,348091
OPEL,CROSSLANDX,64760
OPEL,GRANDLAND,37104
OPEL,GRANDLAND X,235538
OPEL,GRANDLANDX,34120
OPEL,INSIGNIA,17611
OPEL,INSIGNIA GRAND SPORT,86294
OPEL,INSIGNIA SPORTS TOURER,120193
OPEL,KARL,29266
OPEL,KARL ROCKS VIVA,29630
OPEL,KARL VIVA,66918
OPEL,KARLROCKS/VIVAROCKS,72630
OPEL,MERIVA,14896
OPEL,MOKKA,103421
OPEL,MOKKA X,183770
OPEL,MOKKAX,61418
OPEL,VIVARO,6837
OPEL,VIVARO ZAFIRA LIFE,7952
OPEL,VIVARO-B,50787
OPEL,ZAFIRA,11306
OPEL,ZAFIRA TOURER,79176
PEUGEOT,108,297812
PEUGEOT,108 ACTIVE,9184
PEUGEOT,108 ALLURE,10420
PEUGEOT,108 COLLECTION,6607
PEUGEOT,2008,950684
PEUGEOT,2008 ACTIVE,5528
PEUGEOT,2008 ALLURE,6356
PEUGEOT,2008 ALLURE PREM,6608
PEUGEOT,2008 ALLURE PREMIUM,16026
PEUGEOT,2008 ALLURE S/S,8924
PEUGEOT,2008 GT LINE,21587
PEUGEOT,208,1371526
PEUGEOT,208 ACTIVE,5502
PEUGEOT,208 ALLURE PREMIUM,7531
PEUGEOT,208 GT LINE,11353
PEUGEOT,208 SIGNATURE PURETECH,5888
PEUGEOT,208 SIGNATURE S/S,5760
PEUGEOT,208 TECH EDITION,27946
PEUGEOT,3008,1018025
PEUGEOT,3008 ALLURE BLUEHDI,17461
PEUGEOT,3008 ALLURE PURETECH,10356
PEUGEOT,3008 ALLURE S/S,10100
PEUGEOT,3008 GT LINE,47953
PEUGEOT,3008-5008,7515
PEUGEOT,301,12451
PEUGEOT,308,845008
PEUGEOT,308 GT LINE,13619
PEUGEOT,5008,370438
PEUGEOT,5008 ALLURE BLUEHDI,6124
PEUGEOT,5008 GT LINE,15282
PEUGEOT,508,140880
PEUGEOT,BOXER,6078
PEUGEOT,EXPERT TRAVELLER,57803
PEUGEOT,ION,6707
PEUGEOT,N 2008,16998
PEUGEOT,N208,15891
PEUGEOT,N5008,15214
PEUGEOT,NUEVO,79853
PEUGEOT,PARTNER,95583
PEUGEOT,RIFTER,110967
POLESTAR,2,8823
PORSCHE,718 BOXSTER,7499
PORSCHE,718 CAYMAN,6022
PORSCHE,911 CARRERA,5735
PORSCHE,911 CARRERA 4,9023
PORSCHE,911 CARRERA 4S,16949
PORSCHE,911 CARRERA S,13555
PORSCHE,911 GT3,6186
PORSCHE,911 TARGA 4,5295
PORSCHE,911 TURBO S,5390
PORSCHE,CAYENNE,23974
PORSCHE,CAYENNE E-HYBRID,19715
PORSCHE,CAYENNE S,10274
PORSCHE,CAYENNE TURBO,6413
PORSCHE,MACAN,48192
PORSCHE,MACAN GTS,7898
PORSCHE,MACAN S,21654
PORSCHE,MACAN S DIESEL,8308
PORSCHE,MACAN S S-A,8871
PORSCHE,MACAN S-A,8277
PORSCHE,PANAMERA 4,6723
PORSCHE,PANAMERA 4 E-HYBRID,14136
PORSCHE,TAYCAN 4S,5216
RENAULT,CAPTUR,1171823
RENAULT,CAPTUR DYNAMIQUE S,5120
RENAULT,CAPTUR E-TECH PLUG-IN,8356
RENAULT,CAPTUR GT LINE,17904
RENAULT,CAPTUR ICONIC DCI,8595
RENAULT,CAPTUR ICONIC TCE,27980
RENAULT,CAPTUR PLAY TCE,5292
RENAULT,CAPTUR S EDITION,6441
RENAULT,CLIO,2043252
RENAULT,CLIO DYNAMIQUE NAV,5432
RENAULT,CLIO GT LINE,11130
RENAULT,CLIO ICONIC TCE,26374
RENAULT,CLIO PLAY TCE,8061
RENAULT,ESPACE,69325
RENAULT,GRAND,6766
RENAULT,GRAND SCENIC,5291
RENAULT,KADJAR,536581
RENAULT,KADJAR DYNAMIQUE S,6233
RENAULT,KADJAR GT LINE,10148
RENAULT,KADJAR ICONIC TCE,9196
RENAULT,KADJAR S EDITION,9677
RENAULT,KANGOO,124598
RENAULT,KOLEOS,78333
RENAULT,MEGANE,790240
RENAULT,SCENIC,473358
RENAULT,TALISMAN,119206
RENAULT,TRAFFIC,10019
RENAULT,TRAFIC,99039
RENAULT,TWINGO,517178
RENAULT,ZOE,283949
SEAT,ALHAMBRA,89682
SEAT,ALHAMBRA XCELLENCE TDI,7277
SEAT,ARONA,416610
SEAT,ARONA FR SPORT,7537
SEAT,ARONA FR TSI,11763
SEAT,ARONA SE TECHNOLOGY,29343
SEAT,ARONA XCELLENCE LUX,10691
SEAT,ATECA,337435
SEAT,ATECA SE TECH,7963
SEAT,ATECA SE TECHNOLOGY,8772
SEAT,CUPRA ATECA,23550
SEAT,IBIZA,444673
SEAT,IBIZA FR SPORT,5649
SEAT,IBIZA FR TSI,22678
SEAT,IBIZA SE TECHNOLOGY,21914
SEAT,LEON,367768
SEAT,LEON FR TECHNOLOGY,22192
SEAT,LEON FR TSI,20192
SEAT,LEON SE DYNAMIC,24004
SEAT,LEON SPORTOURER ST,21911
SEAT,LEON SPORTSTOURER,26646
SEAT,LEON ST,179884
SEAT,MII,61427
SEAT,TARRACO,67302
SEAT,TOLEDO,15317
SKODA,CITIGO,155939
SKODA,FABIA,783465
SKODA,FABIA COLOUR EDITION,15573
SKODA,FABIA MONTE CARLO,7843
SKODA,FABIA S MPI,5723
SKODA,FABIA SE L,11468
SKODA,FABIA SE MPI,13181
SKODA,FABIA SE TSI,19755
SKODA,KAMIQ,87073
SKODA,KAROQ,369009
SKODA,KAROQ EDITION TSI,5031
SKODA,KAROQ SE L,33497
SKODA,KAROQ SE TECHNOLOGY,6742
SKODA,KAROQ SE TSI,9647
SKODA,KODIAQ,349795
SKODA,KODIAQ SE L,14504
SKODA,OCTAVIA,1092619
SKODA,OCTAVIA COMBI 2.0,6094
SKODA,OCTAVIA SE L,23655
SKODA,OCTAVIA SE TECHNOLOGY,27535
SKODA,OCTAVIA SE TSI,10126
SKODA,RAPID,226214
SKODA,RAPIDE,9984
SKODA,SCALA,115374
SKODA,SUPERB,363079
SKODA,SUPERB SE L,13347
SKODA,SUPERB SE TECHNOLOGY,7455
SKODA,YETI,17937
SMART,EQ FORFOUR,17941
SMART,EQ FORTWO CABRIO,9870
SMART,EQ FORTWO COUPE,30329
SMART,FORFOUR,127859
SMART,FORTWO,45307
SMART,FORTWO CABRIO,40476
SMART,FORTWO COUPE,160083
SMART,FORTWO COUPE ED,5443
SSANG YONG,KORANDO,5739
SSANG YONG,SSANGYONG KORANDO,6622
SSANG YONG,SSANGYONG REXTON,6328
SSANG YONG,SSANGYONG TIVOLI,13213
SSANG YONG,TIVOLI,13639
SUBARU,FORESTER,42790
SUBARU,IMPREZA,5647
SUBARU,OUTBACK,29382
SUBARU,XV,46508
SUZUKI,BALENO,75683
SUZUKI,CELERIO,73177
SUZUKI,CELERIO SZ2,5344
SUZUKI,IGNIS,192745
SUZUKI,IGNIS SZ-T DUALJET,11679
SUZUKI,JIMNY,64497
SUZUKI,SWIFT,238722
SUZUKI,SWIFT ATTITUDE DUALJET,9728
SUZUKI,SWIFT SPORT BOOSTERJET,5183
SUZUKI,SWIFT SZ-T BOOSTERJET,11113
SUZUKI,SWIFT SZ3 DUALJET,6360
SUZUKI,SWIFT SZ5 BOOSTERJET,11340
SUZUKI,SX4,138375
SUZUKI,SX4 S-CROSS SZ-T,6607
SUZUKI,SX4 SUZUKI SX4,11463
SUZUKI,"SX4, SUZUKI SX4",10180
SUZUKI,VITARA,332777
SUZUKI,VITARA SZ-T BOOSTERJET,23307
SUZUKI,VITARA SZ5 BOOSTERJET,8914
TESLA,MODEL 3,211925
TESLA,MODEL 3 LONG,16794
TESLA,MODEL 3 PERFORMANCE,12595
TESLA,MODEL 3 STANDARD,14238
TESLA,MODEL S,45629
TESLA,MODEL X,31816
TOYOTA,AURIS,323777
TOYOTA,AURIS ICON TECH,7206
TOYOTA,AVENSIS,55476
TOYOTA,AYGO,444029
TOYOTA,AYGO X-PLAY VVT-I,31388
TOYOTA,AYGO X-PRESS VVT-I,7323
TOYOTA,AYGO X-TREND VVT-I,24222
TOYOTA,C-HR,593480
TOYOTA,C-HR DESIGN HEV,12427
TOYOTA,C-HR DYNAMIC HEV,16753
TOYOTA,C-HR EXCEL HEV,20249
TOYOTA,C-HR ICON HEV,11948
TOYOTA,CAMRY,22635
TOYOTA,COROLLA,402738
TOYOTA,COROLLA DESIGN VVT-I,7281
TOYOTA,COROLLA EXCEL VVT-I,8649
TOYOTA,COROLLA ICON TECH,16108
TOYOTA,COROLLA ICON VVT-I,5144
TOYOTA,LAND,5731
TOYOTA,LAND CRUISER,5025
TOYOTA,LAND CRUISER (150,13382
TOYOTA,LAND CRUISER 150,7196
TOYOTA,PRIUS,36295
TOYOTA,PRIUS PHV,10214
TOYOTA,PRIUS PLUS,33620
TOYOTA,PRIUS PLUS EXCEL,7794
TOYOTA,PROACE,50164
TOYOTA,PROACE CITY VERSO,7832
TOYOTA,RAV4,392800
TOYOTA,RAV4 DESIGN HEV,9822
TOYOTA,RAV4 DYNAMIC HEV,9121
TOYOTA,RAV4 EXCEL HEV,13927
TOYOTA,VERSO,30923
TOYOTA,YARIS,566741
TOYOTA,YARIS HYBRID,487470
TOYOTA,YARIS ICON TECH,49599
TOYOTA,YARIS ICON VVT-I,22135
TOYOTA,YARIS Y20 VVT-I,12498
VAUXHALL,ADAM ENERGISED,13678
VAUXHALL,ASTRA DESIGN CDTI,6150
VAUXHALL,ASTRA ELITE NAV,17737
VAUXHALL,ASTRA SRI NAV,15831
VAUXHALL,ASTRA SRI TURBO,19521
VAUXHALL,ASTRA SRI VX-LINE,10144
VAUXHALL,ASTRA TECH LINE,7024
VAUXHALL,COMBO LIFE ENERGY,10238
VAUXHALL,CORSA DESIGN,10146
VAUXHALL,CORSA ELITE NAV,12252
VAUXHALL,CORSA ENERGY,27206
VAUXHALL,CORSA ENERGY AC,22392
VAUXHALL,CORSA GRIFFIN,39334
VAUXHALL,CORSA SE,12481
VAUXHALL,CORSA SE NAV,13996
VAUXHALL,CORSA SE PREMIUM,7447
VAUXHALL,CORSA SPORT,10440
VAUXHALL,CORSA SRI,9913
VAUXHALL,CORSA SRI NAV,19604
VAUXHALL,CORSA SRI VX-LINE,26542
VAUXHALL,CROSSLAND X ELITE,33772
VAUXHALL,CROSSLAND X GRIFFIN,6443
VAUXHALL,CROSSLAND X SE,20586
VAUXHALL,GRANDLAND X ELITE,17052
VAUXHALL,GRANDLAND X SE,24089
VAUXHALL,GRANDLAND X SPORT,33544
VAUXHALL,GRANDLAND X SRI,9274
VAUXHALL,GRANDLAND X TECH,6080
VAUXHALL,INSIGNIA ELITE NAV,5112
VAUXHALL,INSIGNIA SRI NAV,7440
VAUXHALL,INSIGNIA SRI VX-LINE,19507
VAUXHALL,MOKKA X ACTIVE,45320
VAUXHALL,MOKKA X DESIGN,21822
VAUXHALL,MOKKA X ELITE,34434
VAUXHALL,MOKKA X GRIFFIN,7058
VAUXHALL,VIVA SE,6596
VAUXHALL,VIVA SE AC,7570
VAUXHALL,ZAFIRA TOURER SRI,7790
VOLKSWAGEN,ARTEON,92115
VOLKSWAGEN,BEETLE,36792
VOLKSWAGEN,CADDY,287861
VOLKSWAGEN,CADDY MAXI C20,6623
VOLKSWAGEN,CALIFORNIA,9197
VOLKSWAGEN,CALIFORNIA BEACH,29787
VOLKSWAGEN,E-GOLF,12837
VOLKSWAGEN,GOLF,1832808
VOLKSWAGEN,GOLF GT TDI,9774
VOLKSWAGEN,GOLF GT TSI,9328
VOLKSWAGEN,GOLF GTD TDI,16642
VOLKSWAGEN,GOLF GTE ADVANCE,5081
VOLKSWAGEN,GOLF GTI PERFORMANCE,17948
VOLKSWAGEN,GOLF GTI TSI,6874
VOLKSWAGEN,GOLF LIFE TSI,5589
VOLKSWAGEN,GOLF MATCH EDITION,22226
VOLKSWAGEN,GOLF MATCH TDI,16127
VOLKSWAGEN,GOLF MATCH TSI,24014
VOLKSWAGEN,GOLF R TSI,22953
VOLKSWAGEN,GOLF R-LINE TDI,5896
VOLKSWAGEN,GOLF R-LINE TSI,9126
VOLKSWAGEN,GOLF S TSI,5026
VOLKSWAGEN,GOLF SE NAVIGATION,56440
VOLKSWAGEN,GOLF SE TSI,14480
VOLKSWAGEN,GOLF SPORTSVAN,252503
VOLKSWAGEN,ID3 PRO 150,48460
VOLKSWAGEN,JETTA,13587
VOLKSWAGEN,KOMBI,128470
VOLKSWAGEN,MOVE UP,20263
VOLKSWAGEN,MULTIVAN,135731
VOLKSWAGEN,PASSAT,705506
VOLKSWAGEN,PASSAT GT TDI,7708
VOLKSWAGEN,PASSAT SE BUSINESS,16712
VOLKSWAGEN,POLO,1227729
VOLKSWAGEN,POLO BEATS TSI,9690
VOLKSWAGEN,POLO GTI PLUS,5790
VOLKSWAGEN,POLO MATCH TSI,8840
VOLKSWAGEN,POLO R-LINE TSI,11240
VOLKSWAGEN,POLO SE,20862
VOLKSWAGEN,POLO SE EVO,22844
VOLKSWAGEN,POLO SE TSI,78292
VOLKSWAGEN,POLO SEL TSI,9250
VOLKSWAGEN,SHARAN,88303
VOLKSWAGEN,SHARAN SE NAVIGATION,6647
VOLKSWAGEN,T-CROSS,286772
VOLKSWAGEN,T-CROSS SE TSI,9546
VOLKSWAGEN,T-ROC,741389
VOLKSWAGEN,T-ROC DESIGN TSI,12888
VOLKSWAGEN,T-ROC R-LINE TDI,6119
VOLKSWAGEN,T-ROC R-LINE TSI,10261
VOLKSWAGEN,T-ROC SE TDI,7817
VOLKSWAGEN,T-ROC SE TSI,28718
VOLKSWAGEN,T-ROC SEL TDI,6004
VOLKSWAGEN,T-ROC SEL TSI,16426
VOLKSWAGEN,TIGUAN,1109254
VOLKSWAGEN,TIGUAN MATCH TDI,14496
VOLKSWAGEN,TIGUAN MATCH TSI,22607
VOLKSWAGEN,TIGUAN R LINE,7442
VOLKSWAGEN,TIGUAN R-LINE TDI,15186
VOLKSWAGEN,TIGUAN R-LINE TECH,15039
VOLKSWAGEN,TIGUAN SE NAV,22082
VOLKSWAGEN,TIGUAN SE NAVIGATION,9326
VOLKSWAGEN,TIGUAN SEL TDI,18092
VOLKSWAGEN,TIGUAN SEL TSI,13222
VOLKSWAGEN,TOUAREG,83118
VOLKSWAGEN,TOUAREG V6 R-LINE,9266
VOLKSWAGEN,TOURAN,398728
VOLKSWAGEN,TOURAN SE FAMILY,6691
VOLKSWAGEN,UP,5067
VOLKSWAGEN,UP BY BEATS,5435
VOLKSWAGEN,UP GTI,6212
VOLKSWAGEN,UP!,416709
VOLVO,S60,25701
VOLVO,S90,28518
VOLVO,V40,138352
VOLVO,V40 CROSS COUNTRY,51458
VOLVO,V40 R-DESIGN EDITION,9226
VOLVO,V40 R-DESIGN NAV,5668
VOLVO,V40 R-DESIGN PRO,5730
VOLVO,V60,173179
VOLVO,V60 CROSS COUNTRY,46236
VOLVO,V60 T6 TWIN,5556
VOLVO,V60 T8 TWIN,16336
VOLVO,V90,93301
VOLVO,V90 CROSS COUNTRY,57145
VOLVO,V90 T8 TWIN,11818
VOLVO,XC40,278622
VOLVO,XC40 INSCRIPTION PRO,9296
VOLVO,XC40 R-DESIGN PRO,10709
VOLVO,XC40 R-DESIGN T3,6917
VOLVO,XC40 T5 TWIN,7229
VOLVO,XC60,312163
VOLVO,XC60 MOMENTUM D4,6844
VOLVO,XC60 MOMENTUM T5,5030
VOLVO,XC60 R-DESIGN D4,6633
VOLVO,XC60 T8 TWIN,43144
VOLVO,XC90,95102
VOLVO,XC90 T8 TWIN,19608
